Date,Store,Product Category,Weekly_Sales,Temp,Rain in Inches,Snow in Inches,Avg Wind Speed
2/3/16,Des Moines,Toiletries,9293.21,38,0.93,10.4,1.3
12/16/15,Des Moines,Toiletries,8892.23,22,1.68,9.3,22.3
8/12/15,Des Moines,Fountain Drinks,7995.06,102,0,0,5.7
9/3/14,Des Moines,Fountain Drinks,7990.11,65,3.33,0,7.2
7/30/14,Des Moines,Fountain Drinks,7818.42,84,0.48,0,9.4
6/4/14,Des Moines,Fountain Drinks,7626.19,72,1.45,0,11.1
8/27/14,Des Moines,Fountain Drinks,7577.33,72,4.19,0,11.2
8/20/14,Des Moines,Fountain Drinks,7568.97,69,4.76,0,6.9
7/23/14,Des Moines,Fountain Drinks,7490.13,72,0.94,0,3.9
8/31/16,Des Moines,Fountain Drinks,7396.21,81,0.99,0,5.4
6/29/16,Des Moines,Fountain Drinks,7354.21,70,0.68,0,3
1/27/16,Des Moines,Toiletries,7344.83,24,0.34,5.5,17.5
8/17/16,Des Moines,Fountain Drinks,7334.84,77,2.45,0,6.6
8/26/15,Des Moines,Fountain Drinks,7331.75,75,1.48,0,8.1
8/13/14,Des Moines,Fountain Drinks,7277.81,74,4.15,0,9.4
7/6/16,Des Moines,Fountain Drinks,7172.42,69,0.37,0,7.7
7/2/14,Des Moines,Fountain Drinks,7168.45,82,0.63,0,7.3
4/30/14,Des Moines,Fountain Drinks,7148.22,52,0.8,0,11.7
6/15/16,Des Moines,Fountain Drinks,7118.85,67,2.19,0,10.1
6/24/15,Des Moines,Fountain Drinks,7112.74,78,0,0,7.8
7/22/15,Des Moines,Fountain Drinks,7098.61,77,0.01,0,5.9
6/8/16,Des Moines,Fountain Drinks,7086.58,74,2.12,0,0.3
7/16/14,Des Moines,Fountain Drinks,7067.23,76,0.59,0,5.6
6/25/14,Des Moines,Fountain Drinks,7045.44,71,1.66,0,11
7/15/15,Des Moines,Fountain Drinks,7037.08,80,0,0,9
9/21/16,Des Moines,Fountain Drinks,7030.63,60,1.4,0,14.6
8/24/16,Des Moines,Fountain Drinks,7027.73,72,3.04,0,11.8
6/18/14,Des Moines,Fountain Drinks,7016.9,74,2.14,0,8.3
6/11/14,Des Moines,Fountain Drinks,7004.47,77,1.95,0,7.5
9/14/16,Des Moines,Fountain Drinks,6970.21,71,0.63,0,6.2
9/30/15,Des Moines,Fountain Drinks,6927.77,62,1.24,0,9.5
6/1/16,Des Moines,Fountain Drinks,6925.2,68,1.45,0,15.9
6/3/15,Des Moines,Fountain Drinks,6919.22,77,0.02,0,11.2
12/16/15,Des Moines,Hot Fresh,6876.04,22,1.68,9.3,22.3
6/10/15,Des Moines,Fountain Drinks,6853.43,76,0.03,0,4.2
7/13/16,Des Moines,Fountain Drinks,6827.13,81,0.81,0,11.2
7/9/14,Des Moines,Fountain Drinks,6812.78,75,0.46,0,9.6
5/27/15,Des Moines,Fountain Drinks,6805.85,51,0.27,0,2.8
7/20/16,Des Moines,Fountain Drinks,6796.01,99,0.66,0,7.6
4/15/15,Des Moines,Fountain Drinks,6795.81,52,1.43,0,9.1
7/8/15,Des Moines,Fountain Drinks,6767.26,78,0.05,0,7.1
5/28/14,Des Moines,Fountain Drinks,6741.78,63,0,0,3.5
8/20/14,Des Moines,Beer&Alcohol,6711.79,69,4.76,0,6.9
10/26/16,Des Moines,Fountain Drinks,6707.05,60,1.13,0,6
9/23/15,Des Moines,Fountain Drinks,6684.15,68,1.29,0,8.2
4/1/15,Des Moines,Fountain Drinks,6675.41,47,1.36,0,4.4
8/27/14,Des Moines,Beer&Alcohol,6669.35,72,4.19,0,11.2
11/12/14,Des Moines,Fountain Drinks,6656.36,45,0.2,0,13.1
9/2/15,Des Moines,Fountain Drinks,6636.19,68,0.97,0,15.3
6/22/16,Des Moines,Fountain Drinks,6630.84,73,1.33,0,4.2
9/7/16,Des Moines,Fountain Drinks,6621.56,64,1.08,0,12.1
5/21/14,Des Moines,Fountain Drinks,6595.75,62,1.2,0,11.8
10/22/14,Des Moines,Fountain Drinks,6585.46,49,1.04,0,6.3
8/6/14,Des Moines,Beer&Alcohol,6570.83,73,4.54,0,18.3
5/18/16,Des Moines,Fountain Drinks,6530.41,61,1.28,0,6.1
1/6/16,Des Moines,Hot Fresh,6523.74,13,0.1,2.3,21.3
7/27/16,Des Moines,Fountain Drinks,6484.81,77,0.71,0,8.4
9/16/15,Des Moines,Fountain Drinks,6470.52,67,0.75,0,11.5
8/19/15,Des Moines,Fountain Drinks,6469.55,69,0.02,0,6.1
9/10/14,Des Moines,Fountain Drinks,6461.41,59,2.38,0,9.1
4/13/16,Des Moines,Fountain Drinks,6445.57,49,0.76,0,7.7
7/29/15,Des Moines,Fountain Drinks,6412.84,75,0.04,0,8.5
10/15/14,Des Moines,Fountain Drinks,6412.11,46,0.61,0,6.5
4/2/14,Des Moines,Fountain Drinks,6405.68,48,1.13,0,11.9
10/14/15,Des Moines,Hot Fresh,6396.65,52,0.63,0,19.6
8/6/14,Des Moines,Fountain Drinks,6383.92,73,4.54,0,18.3
11/25/15,Des Moines,Fountain Drinks,6353.38,49,0.58,0,9.2
5/20/15,Des Moines,Fountain Drinks,6318.52,55,0.5,0,13.4
7/1/15,Des Moines,Fountain Drinks,6285.4,68,0,0,13.4
4/20/16,Des Moines,Fountain Drinks,6251.95,57,2.27,0,5
5/7/14,Des Moines,Fountain Drinks,6239.91,67,0.7,0,11.6
10/5/16,Des Moines,Fountain Drinks,6228.54,46,0.95,0,12.7
5/14/14,Des Moines,Fountain Drinks,6222.77,62,1,0,16.5
8/5/15,Des Moines,Fountain Drinks,6215.41,69,0.08,0,11.1
6/17/15,Des Moines,Fountain Drinks,6193.99,66,0,0,11.6
10/14/15,Des Moines,Fountain Drinks,6191.1,52,0.63,0,19.6
4/27/16,Des Moines,Hot Fresh,6167.4,55,2.13,0,18.6
4/6/16,Des Moines,Fountain Drinks,6165.47,53,2.21,0,11.7
10/1/14,Des Moines,Fountain Drinks,6160.33,53,1,0,7.1
10/29/14,Des Moines,Fountain Drinks,6148.62,44,1.01,0,9.9
5/11/16,Des Moines,Fountain Drinks,6134.8,56,0.91,0,10
5/4/16,Des Moines,Fountain Drinks,6130.01,63,0.74,0,6.4
8/10/16,Des Moines,Fountain Drinks,6118.68,62,3.34,0,4.2
10/19/16,Des Moines,Fountain Drinks,6087.7,52,1.04,0,2.7
5/13/15,Des Moines,Fountain Drinks,6079.3,64,0.86,0,3.4
9/17/14,Des Moines,Fountain Drinks,6000.18,60,2.13,0,8.6
9/24/14,Des Moines,Fountain Drinks,5997.12,68,3.12,0,9
4/9/14,Des Moines,Fountain Drinks,5995.69,60,1.31,0,8.2
9/28/16,Des Moines,Fountain Drinks,5925.99,65,0.72,0,9.4
4/27/16,Des Moines,Fountain Drinks,5923.32,55,2.13,0,18.6
2/10/16,Des Moines,Fountain Drinks,5905.07,26,1.05,2.4,7.2
11/11/15,Des Moines,Fountain Drinks,5898.39,37,0.8,0,13.8
5/14/14,Des Moines,Hot Fresh,5861.03,62,1,0,16.5
4/16/14,Des Moines,Fountain Drinks,5858.43,50,1.2,0,8.9
4/22/15,Des Moines,Fountain Drinks,5829.66,45,2.02,0,4.6
8/13/14,Des Moines,Beer&Alcohol,5819.93,74,4.15,0,9.4
12/9/15,Des Moines,Toiletries,5804.97,23,0,3.5,8.1
5/25/16,Des Moines,Fountain Drinks,5804.92,55,0.15,0,4.9
2/25/15,Des Moines,Fountain Drinks,5800.79,21,0.4,0,6.7
3/18/15,Des Moines,Fountain Drinks,5790.19,33,0.2,0,6.4
8/3/16,Des Moines,Fountain Drinks,5781.02,64,2.54,0,11.4
5/6/15,Des Moines,Fountain Drinks,5736.71,59,0.83,0,11.2
2/18/15,Des Moines,Chips&Snacks,5714.77,27,0.52,2.3,4.7
3/4/15,Des Moines,Fountain Drinks,5709.11,31,0.43,0,10.9
1/27/16,Des Moines,Hot Fresh,5704.39,24,0.34,5.5,17.5
10/28/15,Des Moines,Fountain Drinks,5683.01,55,1.23,0,11.1
2/5/14,Des Moines,Fountain Drinks,5667.02,23,0.6,2.19,6.9
12/2/15,Des Moines,Toiletries,5647.64,31,0.65,4,3.1
12/10/14,Des Moines,Fountain Drinks,5644.36,27,0.14,1.8,5.3
9/24/14,Des Moines,Beer&Alcohol,5641,68,3.12,0,9
12/23/15,Des Moines,Fountain Drinks,5628.81,19,0.25,3.2,6.4
10/26/16,Des Moines,Chips&Snacks,5608.99,60,1.13,0,6
10/21/15,Des Moines,Fountain Drinks,5601.63,52,1.3,0,6.6
4/23/14,Des Moines,Fountain Drinks,5582.6,52,1.51,0,4.9
8/24/16,Des Moines,Beer&Alcohol,5577.82,72,3.04,0,11.8
3/16/16,Des Moines,Fountain Drinks,5574.98,33,0.03,0,4.1
2/3/16,Des Moines,Chips&Snacks,5560.75,38,0.93,10.4,1.3
2/4/15,Des Moines,Fountain Drinks,5545.81,35,0.63,3.2,11.5
11/11/15,Des Moines,Hot Fresh,5535.14,37,0.8,0,13.8
8/10/16,Des Moines,Beer&Alcohol,5529.05,62,3.34,0,4.2
11/5/14,Des Moines,Fountain Drinks,5519.07,45,0.15,0,11.4
1/13/16,Des Moines,Toiletries,5518.85,17,0.76,3.4,3.3
4/22/15,Des Moines,Beer&Alcohol,5504.84,45,2.02,0,4.6
1/20/16,Des Moines,Toiletries,5500.05,18,0.79,3.5,8.5
11/18/15,Des Moines,Fountain Drinks,5495.07,36,0.39,1.4,11.1
8/3/16,Des Moines,Beer&Alcohol,5487,64,2.54,0,11.4
4/22/15,Des Moines,Chips&Snacks,5486.7,45,2.02,0,4.6
2/12/14,Des Moines,Toiletries,5486.39,30,0.92,2.84,11.5
9/9/15,Des Moines,Fountain Drinks,5475.51,58,1.18,0,3.6
3/19/14,Des Moines,Chips&Snacks,5452.61,40,0.12,0,9.4
9/23/15,Des Moines,Chips&Snacks,5445.79,68,1.29,0,8.2
10/8/14,Des Moines,Fountain Drinks,5445.11,48,1.15,0,8.8
8/6/14,Des Moines,Hot Fresh,5443.98,73,4.54,0,18.3
4/20/16,Des Moines,Beer&Alcohol,5443.65,57,2.27,0,5
4/6/16,Des Moines,Beer&Alcohol,5438.99,53,2.21,0,11.7
1/28/15,Des Moines,Chips&Snacks,5434.33,25,0.05,1.8,3.8
3/26/14,Des Moines,Fountain Drinks,5423.2,36,0.2,0,11
10/19/16,Des Moines,Chips&Snacks,5412.89,52,1.04,0,2.7
6/11/14,Des Moines,Chips&Snacks,5410.04,77,1.95,0,7.5
2/11/15,Des Moines,Fountain Drinks,5404.84,22,1,1.2,6.4
7/15/15,Des Moines,Chips&Snacks,5403.42,80,0,0,9
12/24/14,Des Moines,Fountain Drinks,5401.17,34,0.03,2.2,10.6
7/2/14,Des Moines,Chips&Snacks,5392.73,82,0.63,0,7.3
4/29/15,Des Moines,Chips&Snacks,5388.41,48,0.94,0,5.9
3/2/16,Des Moines,Fountain Drinks,5386.6,36,0.09,0,2.8
12/2/15,Des Moines,Chips&Snacks,5382.56,31,0.65,4,3.1
7/9/14,Des Moines,Chips&Snacks,5376.9,75,0.46,0,9.6
1/14/15,Des Moines,Chips&Snacks,5373.98,15,0.37,0,7.1
10/22/14,Des Moines,Chips&Snacks,5369.52,49,1.04,0,6.3
12/9/15,Des Moines,Fountain Drinks,5360.93,23,0,3.5,8.1
10/1/14,Des Moines,Chips&Snacks,5346.62,53,1,0,7.1
2/19/14,Des Moines,Fountain Drinks,5345.54,32,0.3,2.11,11
3/19/14,Des Moines,Fountain Drinks,5339.39,40,0.12,0,9.4
3/23/16,Des Moines,Fountain Drinks,5332.76,35,0.13,0,2.5
2/26/14,Des Moines,Fountain Drinks,5332.65,30,0.31,1.95,3.4
12/17/14,Des Moines,Chips&Snacks,5330.87,19,0.64,2.2,4.9
6/29/16,Des Moines,Chips&Snacks,5329.27,70,0.68,0,3
3/5/14,Des Moines,Fountain Drinks,5321.11,45,0,0,6.1
9/10/14,Des Moines,Beer&Alcohol,5313.34,59,2.38,0,9.1
5/27/15,Des Moines,Chips&Snacks,5312.25,51,0.27,0,2.8
10/12/16,Des Moines,Chips&Snacks,5308.58,49,0.43,0,9.8
3/18/15,Des Moines,Chips&Snacks,5284.37,33,0.2,0,6.4
6/1/16,Des Moines,Hot Fresh,5282.7,68,1.45,0,15.9
2/11/15,Des Moines,Coffee&Tea,5270.35,22,1,1.2,6.4
2/10/16,Des Moines,Chips&Snacks,5262.3,26,1.05,2.4,7.2
12/31/14,Des Moines,Chips&Snacks,5251.18,23,0,0,10.2
5/4/16,Des Moines,Chips&Snacks,5248.48,63,0.74,0,6.4
12/31/14,Des Moines,Fountain Drinks,5246.74,23,0,0,10.2
12/30/15,Des Moines,Chips&Snacks,5245.32,25,1.33,2.6,6.3
3/23/16,Des Moines,Chips&Snacks,5238.9,35,0.13,0,2.5
2/17/16,Des Moines,Toiletries,5232.98,29,0.19,3.3,10.8
2/18/15,Des Moines,Fountain Drinks,5229.96,27,0.52,2.3,4.7
10/15/14,Des Moines,Chips&Snacks,5216.67,46,0.61,0,6.5
4/27/16,Des Moines,Beer&Alcohol,5208.86,55,2.13,0,18.6
1/20/16,Des Moines,Fountain Drinks,5202.31,18,0.79,3.5,8.5
11/4/15,Des Moines,Fountain Drinks,5200.22,40,0.29,0,15.4
11/4/15,Des Moines,Hot Fresh,5199.09,40,0.29,0,15.4
2/3/16,Des Moines,Fountain Drinks,5189.94,38,0.93,10.4,1.3
9/2/15,Des Moines,Hot Fresh,5172.07,68,0.97,0,15.3
3/25/15,Des Moines,Fountain Drinks,5160.85,35,0.44,0,7.9
3/12/14,Des Moines,Chips&Snacks,5159.97,32,0.05,2.2,9.2
9/28/16,Des Moines,Chips&Snacks,5155.52,65,0.72,0,9.4
11/19/14,Des Moines,Fountain Drinks,5148.99,33,0.18,0,5.4
8/20/14,Des Moines,Chips&Snacks,5147.43,69,4.76,0,6.9
7/8/15,Des Moines,FrozenItems,5146.4,78,0.05,0,7.1
9/9/15,Des Moines,Chips&Snacks,5145.6,58,1.18,0,3.6
7/27/16,Des Moines,Chips&Snacks,5143.06,77,0.71,0,8.4
7/6/16,Des Moines,Chips&Snacks,5138.81,69,0.37,0,7.7
11/25/15,Des Moines,Chips&Snacks,5138.43,49,0.58,0,9.2
5/11/16,Des Moines,Chips&Snacks,5118.98,56,0.91,0,10
7/8/15,Des Moines,Chips&Snacks,5117.79,78,0.05,0,7.1
1/20/16,Des Moines,Chips&Snacks,5114,18,0.79,3.5,8.5
2/24/16,Des Moines,Fountain Drinks,5109.55,15,0.74,1.4,7.7
4/15/15,Des Moines,Chips&Snacks,5105.7,52,1.43,0,9.1
2/25/15,Des Moines,Chips&Snacks,5105.39,21,0.4,0,6.7
2/17/16,Des Moines,Fountain Drinks,5100.49,29,0.19,3.3,10.8
10/7/15,Des Moines,Fountain Drinks,5098.84,41,1.47,0,10.9
3/11/15,Des Moines,Chips&Snacks,5092.27,42,0.31,0,2.9
10/21/15,Des Moines,Chips&Snacks,5090.48,52,1.3,0,6.6
8/31/16,Des Moines,Chips&Snacks,5072.34,81,0.99,0,5.4
8/10/16,Des Moines,Chips&Snacks,5065.86,62,3.34,0,4.2
6/15/16,Des Moines,Beer&Alcohol,5054.34,67,2.19,0,10.1
6/3/15,Des Moines,Chips&Snacks,5054.22,77,0.02,0,11.2
7/23/14,Des Moines,Chips&Snacks,5053.44,72,0.94,0,3.9
11/26/14,Des Moines,Fountain Drinks,5030.85,38,0.42,0,7.8
4/23/14,Des Moines,Chips&Snacks,5022.37,52,1.51,0,4.9
5/28/14,Des Moines,Chips&Snacks,5022.11,63,0,0,3.5
4/8/15,Des Moines,Fountain Drinks,5016.83,46,0.88,0,9.4
8/13/14,Des Moines,Chips&Snacks,5009.63,74,4.15,0,9.4
9/24/14,Des Moines,Chips&Snacks,4988.53,68,3.12,0,9
12/3/14,Des Moines,Fountain Drinks,4985.28,26,0.18,1.5,10.7
2/11/15,Des Moines,Chips&Snacks,4975.12,22,1,1.2,6.4
2/26/14,Des Moines,Chips&Snacks,4966.31,30,0.31,1.95,3.4
9/30/15,Des Moines,Chips&Snacks,4964.56,62,1.24,0,9.5
10/29/14,Des Moines,Chips&Snacks,4960.33,44,1.01,0,9.9
9/30/15,Des Moines,Beer&Alcohol,4960.04,62,1.24,0,9.5
6/10/15,Des Moines,Chips&Snacks,4954.9,76,0.03,0,4.2
12/24/14,Des Moines,Chips&Snacks,4953.72,34,0.03,2.2,10.6
6/24/15,Des Moines,Chips&Snacks,4952.36,78,0,0,7.8
5/25/16,Des Moines,Chips&Snacks,4944.57,55,0.15,0,4.9
11/26/14,Des Moines,Chips&Snacks,4937.27,38,0.42,0,7.8
3/9/16,Des Moines,Fountain Drinks,4937.23,35,0.35,0,11.2
12/17/14,Des Moines,Fountain Drinks,4936.9,19,0.64,2.2,4.9
11/19/14,Des Moines,Chips&Snacks,4931.02,33,0.18,0,5.4
12/10/14,Des Moines,Chips&Snacks,4929.51,27,0.14,1.8,5.3
2/24/16,Des Moines,Chips&Snacks,4927.95,15,0.74,1.4,7.7
10/12/16,Des Moines,Fountain Drinks,4923.96,49,0.43,0,9.8
12/2/15,Des Moines,Fountain Drinks,4918.61,31,0.65,4,3.1
9/3/14,Des Moines,Beer&Alcohol,4915.71,65,3.33,0,7.2
4/29/15,Des Moines,Fountain Drinks,4913.82,48,0.94,0,5.9
8/17/16,Des Moines,Chips&Snacks,4900.52,77,2.45,0,6.6
10/1/14,Des Moines,Beer&Alcohol,4899.97,53,1,0,7.1
5/20/15,Des Moines,Hot Fresh,4898.85,55,0.5,0,13.4
3/12/14,Des Moines,Fountain Drinks,4898.62,32,0.05,2.2,9.2
4/16/14,Des Moines,Beer&Alcohol,4898,50,1.2,0,8.9
7/20/16,Des Moines,Chips&Snacks,4890.06,99,0.66,0,7.6
3/4/15,Des Moines,Chips&Snacks,4883.87,31,0.43,0,10.9
9/10/14,Des Moines,Chips&Snacks,4883.33,59,2.38,0,9.1
6/22/16,Des Moines,Chips&Snacks,4882.84,73,1.33,0,4.2
4/9/14,Des Moines,Chips&Snacks,4877.73,60,1.31,0,8.2
12/30/15,Des Moines,Fountain Drinks,4876.62,25,1.33,2.6,6.3
3/11/15,Des Moines,Fountain Drinks,4875.72,42,0.31,0,2.9
3/2/16,Des Moines,Chips&Snacks,4870.6,36,0.09,0,2.8
9/14/16,Des Moines,Chips&Snacks,4860.03,71,0.63,0,6.2
8/19/15,Des Moines,Chips&Snacks,4855.82,69,0.02,0,6.1
7/16/14,Des Moines,Chips&Snacks,4854.16,76,0.59,0,5.6
9/3/14,Des Moines,Chips&Snacks,4847.05,65,3.33,0,7.2
2/19/14,Des Moines,Chips&Snacks,4842.58,32,0.3,2.11,11
9/9/15,Des Moines,Beer&Alcohol,4840.32,58,1.18,0,3.6
1/7/15,Des Moines,Chips&Snacks,4829.76,17,0.02,0,9.7
7/20/16,Des Moines,FrozenItems,4823.71,99,0.66,0,7.6
8/12/15,Des Moines,FrozenItems,4823.26,102,0,0,5.7
6/24/15,Des Moines,FrozenItems,4815.14,78,0,0,7.8
6/25/14,Des Moines,Beer&Alcohol,4813.99,71,1.66,0,11
7/2/14,Des Moines,Beer&Alcohol,4811.14,82,0.63,0,7.3
3/30/16,Des Moines,Fountain Drinks,4810.07,34,1.11,0,11.8
2/5/14,Des Moines,Chips&Snacks,4803.48,23,0.6,2.19,6.9
9/17/14,Des Moines,Chips&Snacks,4795.79,60,2.13,0,8.6
6/25/14,Des Moines,Chips&Snacks,4789.69,71,1.66,0,11
6/11/14,Des Moines,Beer&Alcohol,4787.97,77,1.95,0,7.5
6/18/14,Des Moines,Beer&Alcohol,4785.41,74,2.14,0,8.3
7/29/15,Des Moines,Chips&Snacks,4776.97,75,0.04,0,8.5
10/15/14,Des Moines,Coffee&Tea,4770.56,46,0.61,0,6.5
5/13/15,Des Moines,Chips&Snacks,4761.19,64,0.86,0,3.4
8/26/15,Des Moines,Chips&Snacks,4741.01,75,1.48,0,8.1
4/20/16,Des Moines,Chips&Snacks,4730.78,57,2.27,0,5
4/13/16,Des Moines,Chips&Snacks,4720.79,49,0.76,0,7.7
6/18/14,Des Moines,Chips&Snacks,4720.59,74,2.14,0,8.3
10/8/14,Des Moines,Chips&Snacks,4713.44,48,1.15,0,8.8
10/7/15,Des Moines,Chips&Snacks,4709.53,41,1.47,0,10.9
10/28/15,Des Moines,Chips&Snacks,4693.37,55,1.23,0,11.1
7/15/15,Des Moines,FrozenItems,4691.45,80,0,0,9
7/27/16,Des Moines,Beer&Alcohol,4690.6,77,0.71,0,8.4
4/15/15,Des Moines,Beer&Alcohol,4687.56,52,1.43,0,9.1
9/17/14,Des Moines,Beer&Alcohol,4679.3,60,2.13,0,8.6
5/6/15,Des Moines,Chips&Snacks,4657.17,59,0.83,0,11.2
6/8/16,Des Moines,Chips&Snacks,4645.65,74,2.12,0,0.3
12/9/15,Des Moines,Chips&Snacks,4637.78,23,0,3.5,8.1
12/23/15,Des Moines,Chips&Snacks,4637.76,19,0.25,3.2,6.4
9/21/16,Des Moines,Hot Fresh,4623.32,60,1.4,0,14.6
2/5/14,Des Moines,Beer&Alcohol,4621.58,23,0.6,2.19,6.9
1/14/15,Des Moines,Fountain Drinks,4615.17,15,0.37,0,7.1
8/27/14,Des Moines,Chips&Snacks,4610.37,72,4.19,0,11.2
2/4/15,Des Moines,Chips&Snacks,4605.1,35,0.63,3.2,11.5
2/12/14,Des Moines,Chips&Snacks,4594.58,30,0.92,2.84,11.5
1/21/15,Des Moines,Chips&Snacks,4594.15,15,0.24,1.4,2.9
5/18/16,Des Moines,Chips&Snacks,4589.29,61,1.28,0,6.1
1/13/16,Des Moines,Chips&Snacks,4581.06,17,0.76,3.4,3.3
3/5/14,Des Moines,Chips&Snacks,4580.96,45,0,0,6.1
7/30/14,Des Moines,Chips&Snacks,4577.38,84,0.48,0,9.4
6/15/16,Des Moines,Chips&Snacks,4570.39,67,2.19,0,10.1
1/6/16,Des Moines,Fountain Drinks,4568.26,13,0.1,2.3,21.3
3/25/15,Des Moines,Chips&Snacks,4563.5,35,0.44,0,7.9
6/17/15,Des Moines,Chips&Snacks,4560.87,66,0,0,11.6
12/16/15,Des Moines,Beer&Alcohol,4556.98,22,1.68,9.3,22.3
8/31/16,Des Moines,Beer&Alcohol,4556.51,81,0.99,0,5.4
7/27/16,Des Moines,FrozenItems,4553.77,77,0.71,0,8.4
9/14/16,Des Moines,Beer&Alcohol,4552.27,71,0.63,0,6.2
1/27/16,Des Moines,Fountain Drinks,4539.43,24,0.34,5.5,17.5
3/16/16,Des Moines,Coffee&Tea,4538.12,33,0.03,0,4.1
9/23/15,Des Moines,Beer&Alcohol,4537.32,68,1.29,0,8.2
8/26/15,Des Moines,Beer&Alcohol,4529.34,75,1.48,0,8.1
1/13/16,Des Moines,Fountain Drinks,4528.88,17,0.76,3.4,3.3
12/30/15,Des Moines,Beer&Alcohol,4521.11,25,1.33,2.6,6.3
11/12/14,Des Moines,Hot Fresh,4519.9,45,0.2,0,13.1
8/13/14,Des Moines,FrozenItems,4518.35,74,4.15,0,9.4
2/12/14,Des Moines,Fountain Drinks,4517.32,30,0.92,2.84,11.5
4/16/14,Des Moines,Chips&Snacks,4488.25,50,1.2,0,8.9
4/8/15,Des Moines,Chips&Snacks,4488.2,46,0.88,0,9.4
12/17/14,Des Moines,Coffee&Tea,4484.96,19,0.64,2.2,4.9
6/17/15,Des Moines,FrozenItems,4482.42,66,0,0,11.6
8/24/16,Des Moines,Coffee&Tea,4476.03,72,3.04,0,11.8
2/4/15,Des Moines,Toiletries,4475.21,35,0.63,3.2,11.5
4/2/14,Des Moines,Chips&Snacks,4473.12,48,1.13,0,11.9
7/13/16,Des Moines,FrozenItems,4469.47,81,0.81,0,11.2
2/25/15,Des Moines,Coffee&Tea,4465.81,21,0.4,0,6.7
6/4/14,Des Moines,Chips&Snacks,4459.52,72,1.45,0,11.1
3/16/16,Des Moines,Chips&Snacks,4459.18,33,0.03,0,4.1
8/12/15,Des Moines,Chips&Snacks,4450.76,102,0,0,5.7
6/8/16,Des Moines,FrozenItems,4425.52,74,2.12,0,0.3
6/25/14,Des Moines,Hot Fresh,4416.81,71,1.66,0,11
8/24/16,Des Moines,Hot Fresh,4412.28,72,3.04,0,11.8
4/2/14,Des Moines,Hot Fresh,4397.25,48,1.13,0,11.9
5/21/14,Des Moines,Hot Fresh,4396.25,62,1.2,0,11.8
11/5/14,Des Moines,Chips&Snacks,4395.73,45,0.15,0,11.4
4/6/16,Des Moines,Chips&Snacks,4395.16,53,2.21,0,11.7
8/31/16,Des Moines,FrozenItems,4389.58,81,0.99,0,5.4
6/8/16,Des Moines,Beer&Alcohol,4384.07,74,2.12,0,0.3
4/1/15,Des Moines,Chips&Snacks,4381.05,47,1.36,0,4.4
7/6/16,Des Moines,FrozenItems,4379.4,69,0.37,0,7.7
12/23/15,Des Moines,Toiletries,4376.56,19,0.25,3.2,6.4
8/24/16,Des Moines,FrozenItems,4374.74,72,3.04,0,11.8
3/9/16,Des Moines,Hot Fresh,4367.3,35,0.35,0,11.2
11/18/15,Des Moines,Chips&Snacks,4366.33,36,0.39,1.4,11.1
8/27/14,Des Moines,FrozenItems,4357.23,72,4.19,0,11.2
4/30/14,Des Moines,Chips&Snacks,4355.74,52,0.8,0,11.7
1/21/15,Des Moines,Fountain Drinks,4355.34,15,0.24,1.4,2.9
7/13/16,Des Moines,Chips&Snacks,4341.15,81,0.81,0,11.2
6/22/16,Des Moines,Beer&Alcohol,4338.49,73,1.33,0,4.2
6/1/16,Des Moines,FrozenItems,4331.51,68,1.45,0,15.9
7/16/14,Des Moines,FrozenItems,4322.43,76,0.59,0,5.6
6/10/15,Des Moines,FrozenItems,4318.13,76,0.03,0,4.2
2/12/14,Des Moines,Coffee&Tea,4317.5,30,0.92,2.84,11.5
3/12/14,Des Moines,Coffee&Tea,4307.24,32,0.05,2.2,9.2
5/21/14,Des Moines,Beer&Alcohol,4306.68,62,1.2,0,11.8
7/1/15,Des Moines,Hot Fresh,4303.01,68,0,0,13.4
12/3/14,Des Moines,Chips&Snacks,4300.73,26,0.18,1.5,10.7
2/17/16,Des Moines,Chips&Snacks,4300.3,29,0.19,3.3,10.8
8/17/16,Des Moines,FrozenItems,4293.64,77,2.45,0,6.6
8/3/16,Des Moines,FrozenItems,4292.78,64,2.54,0,11.4
4/29/15,Des Moines,Hot Fresh,4287.01,48,0.94,0,5.9
8/5/15,Des Moines,Chips&Snacks,4279.29,69,0.08,0,11.1
10/8/14,Des Moines,Coffee&Tea,4273.27,48,1.15,0,8.8
3/26/14,Des Moines,Chips&Snacks,4272.83,36,0.2,0,11
8/26/15,Des Moines,FrozenItems,4269.87,75,1.48,0,8.1
5/6/15,Des Moines,Hot Fresh,4263.38,59,0.83,0,11.2
12/24/14,Des Moines,Toiletries,4263.31,34,0.03,2.2,10.6
8/20/14,Des Moines,FrozenItems,4262.9,69,4.76,0,6.9
1/7/15,Des Moines,Fountain Drinks,4253.78,17,0.02,0,9.7
2/19/14,Des Moines,Coffee&Tea,4253.47,32,0.3,2.11,11
3/30/16,Des Moines,Hot Fresh,4246.9,34,1.11,0,11.8
3/9/16,Des Moines,Chips&Snacks,4246.6,35,0.35,0,11.2
6/18/14,Des Moines,FrozenItems,4243.13,74,2.14,0,8.3
6/3/15,Des Moines,FrozenItems,4237.48,77,0.02,0,11.2
7/2/14,Des Moines,FrozenItems,4235.34,82,0.63,0,7.3
5/18/16,Des Moines,Beer&Alcohol,4235.1,61,1.28,0,6.1
2/10/16,Des Moines,Toiletries,4231.79,26,1.05,2.4,7.2
6/4/14,Des Moines,Hot Fresh,4229.1,72,1.45,0,11.1
10/5/16,Des Moines,Hot Fresh,4227.99,46,0.95,0,12.7
6/22/16,Des Moines,Coffee&Tea,4219.15,73,1.33,0,4.2
3/23/16,Des Moines,Coffee&Tea,4213,35,0.13,0,2.5
8/19/15,Des Moines,FrozenItems,4205.17,69,0.02,0,6.1
2/10/16,Des Moines,Beer&Alcohol,4204.46,26,1.05,2.4,7.2
4/23/14,Des Moines,Beer&Alcohol,4204.14,52,1.51,0,4.9
7/9/14,Des Moines,FrozenItems,4203.99,75,0.46,0,9.6
7/30/14,Des Moines,FrozenItems,4182.51,84,0.48,0,9.4
5/7/14,Des Moines,FrozenItems,4167.12,67,0.7,0,11.6
8/3/16,Des Moines,Chips&Snacks,4166.03,64,2.54,0,11.4
8/27/14,Des Moines,Hot Fresh,4166,72,4.19,0,11.2
6/22/16,Des Moines,FrozenItems,4164.52,73,1.33,0,4.2
9/16/15,Des Moines,FrozenItems,4163.44,67,0.75,0,11.5
9/16/15,Des Moines,Beer&Alcohol,4161.92,67,0.75,0,11.5
10/22/14,Des Moines,Beer&Alcohol,4145.52,49,1.04,0,6.3
12/16/15,Des Moines,Fountain Drinks,4145.27,22,1.68,9.3,22.3
3/9/16,Des Moines,Coffee&Tea,4142.95,35,0.35,0,11.2
3/30/16,Des Moines,Beer&Alcohol,4139.8,34,1.11,0,11.8
9/16/15,Des Moines,Hot Fresh,4134.69,67,0.75,0,11.5
7/22/15,Des Moines,FrozenItems,4124.59,77,0.01,0,5.9
4/2/14,Des Moines,Beer&Alcohol,4121.94,48,1.13,0,11.9
7/22/15,Des Moines,Chips&Snacks,4120.14,77,0.01,0,5.9
1/20/16,Des Moines,Hot Fresh,4120.11,18,0.79,3.5,8.5
4/6/16,Des Moines,Hot Fresh,4119.83,53,2.21,0,11.7
12/30/15,Des Moines,Toiletries,4115.08,25,1.33,2.6,6.3
2/12/14,Des Moines,Hot Fresh,4110.82,30,0.92,2.84,11.5
9/16/15,Des Moines,Chips&Snacks,4110.1,67,0.75,0,11.5
6/11/14,Des Moines,FrozenItems,4098.07,77,1.95,0,7.5
10/28/15,Des Moines,Beer&Alcohol,4086.53,55,1.23,0,11.1
1/6/16,Des Moines,Toiletries,4079.35,13,0.1,2.3,21.3
2/24/16,Des Moines,Beer&Alcohol,4075.48,15,0.74,1.4,7.7
5/11/16,Des Moines,Beer&Alcohol,4073.43,56,0.91,0,10
5/25/16,Des Moines,Coffee&Tea,4072.56,55,0.15,0,4.9
3/26/14,Des Moines,Hot Fresh,4071.56,36,0.2,0,11
2/18/15,Des Moines,Coffee&Tea,4069.4,27,0.52,2.3,4.7
4/15/15,Des Moines,FrozenItems,4069.4,52,1.43,0,9.1
10/29/14,Des Moines,Beer&Alcohol,4068.29,44,1.01,0,9.9
3/25/15,Des Moines,Coffee&Tea,4066.11,35,0.44,0,7.9
12/23/15,Des Moines,Beer&Alcohol,4064.74,19,0.25,3.2,6.4
11/12/14,Des Moines,Chips&Snacks,4062.08,45,0.2,0,13.1
7/13/16,Des Moines,Hot Fresh,4058.5,81,0.81,0,11.2
8/3/16,Des Moines,Hot Fresh,4053.95,64,2.54,0,11.4
6/25/14,Des Moines,FrozenItems,4052.37,71,1.66,0,11
8/17/16,Des Moines,Beer&Alcohol,4051.23,77,2.45,0,6.6
9/14/16,Des Moines,Coffee&Tea,4049.79,71,0.63,0,6.2
2/19/14,Des Moines,Hot Fresh,4042.19,32,0.3,2.11,11
10/28/15,Des Moines,FrozenItems,4041.33,55,1.23,0,11.1
10/12/16,Des Moines,Coffee&Tea,4041.15,49,0.43,0,9.8
8/10/16,Des Moines,FrozenItems,4038.77,62,3.34,0,4.2
8/5/15,Des Moines,FrozenItems,4037.56,69,0.08,0,11.1
10/22/14,Des Moines,Coffee&Tea,4036.83,49,1.04,0,6.3
6/1/16,Des Moines,Beer&Alcohol,4032.82,68,1.45,0,15.9
2/11/15,Des Moines,Hot Fresh,4032.34,22,1,1.2,6.4
10/8/14,Des Moines,Beer&Alcohol,4032.19,48,1.15,0,8.8
6/10/15,Des Moines,Beer&Alcohol,4031.93,76,0.03,0,4.2
11/18/15,Des Moines,Hot Fresh,4030.37,36,0.39,1.4,11.1
6/17/15,Des Moines,Hot Fresh,4028.49,66,0,0,11.6
9/28/16,Des Moines,Beer&Alcohol,4024.7,65,0.72,0,9.4
3/4/15,Des Moines,Beer&Alcohol,4020.91,31,0.43,0,10.9
12/23/15,Des Moines,Coffee&Tea,4018.37,19,0.25,3.2,6.4
5/7/14,Des Moines,Hot Fresh,4008.64,67,0.7,0,11.6
5/14/14,Des Moines,FrozenItems,4005.9,62,1,0,16.5
12/17/14,Des Moines,Toiletries,3996.35,19,0.64,2.2,4.9
11/12/14,Des Moines,Beer&Alcohol,3989.49,45,0.2,0,13.1
1/28/15,Des Moines,Fountain Drinks,3985.38,25,0.05,1.8,3.8
6/29/16,Des Moines,FrozenItems,3977.73,70,0.68,0,3
7/23/14,Des Moines,FrozenItems,3971.09,72,0.94,0,3.9
12/24/14,Des Moines,Coffee&Tea,3970.91,34,0.03,2.2,10.6
10/12/16,Des Moines,Hot Fresh,3966.98,49,0.43,0,9.8
4/9/14,Des Moines,FrozenItems,3966.53,60,1.31,0,8.2
9/7/16,Des Moines,Hot Fresh,3966.06,64,1.08,0,12.1
5/7/14,Des Moines,Chips&Snacks,3964.21,67,0.7,0,11.6
10/14/15,Des Moines,Coffee&Tea,3958.7,52,0.63,0,19.6
8/6/14,Des Moines,FrozenItems,3954.26,73,4.54,0,18.3
5/4/16,Des Moines,FrozenItems,3952.83,63,0.74,0,6.4
4/1/15,Des Moines,Beer&Alcohol,3948.98,47,1.36,0,4.4
7/29/15,Des Moines,FrozenItems,3947.35,75,0.04,0,8.5
4/27/16,Des Moines,FrozenItems,3943.43,55,2.13,0,18.6
9/14/16,Des Moines,FrozenItems,3936.31,71,0.63,0,6.2
7/23/14,Des Moines,Beer&Alcohol,3914.7,72,0.94,0,3.9
3/30/16,Des Moines,Chips&Snacks,3913.33,34,1.11,0,11.8
2/4/15,Des Moines,Coffee&Tea,3911.73,35,0.63,3.2,11.5
12/16/15,Des Moines,Coffee&Tea,3907.28,22,1.68,9.3,22.3
9/24/14,Des Moines,FrozenItems,3906.61,68,3.12,0,9
12/31/14,Des Moines,Hot Fresh,3901.55,23,0,0,10.2
7/1/15,Des Moines,FrozenItems,3895.14,68,0,0,13.4
5/13/15,Des Moines,FrozenItems,3892.13,64,0.86,0,3.4
3/12/14,Des Moines,Toiletries,3890.53,32,0.05,2.2,9.2
2/18/15,Des Moines,Toiletries,3890.42,27,0.52,2.3,4.7
3/4/15,Des Moines,Hot Fresh,3885.61,31,0.43,0,10.9
9/2/15,Des Moines,FrozenItems,3883.25,68,0.97,0,15.3
9/24/14,Des Moines,Hot Fresh,3881.92,68,3.12,0,9
5/13/15,Des Moines,Coffee&Tea,3881.47,64,0.86,0,3.4
9/7/16,Des Moines,Chips&Snacks,3873.79,64,1.08,0,12.1
5/20/15,Des Moines,FrozenItems,3870.79,55,0.5,0,13.4
7/9/14,Des Moines,Beer&Alcohol,3869.96,75,0.46,0,9.6
9/3/14,Des Moines,Hot Fresh,3863.42,65,3.33,0,7.2
7/8/15,Des Moines,Hot Fresh,3860.07,78,0.05,0,7.1
9/21/16,Des Moines,Beer&Alcohol,3845.97,60,1.4,0,14.6
5/18/16,Des Moines,FrozenItems,3837.83,61,1.28,0,6.1
11/25/15,Des Moines,Hot Fresh,3830.19,49,0.58,0,9.2
5/18/16,Des Moines,Hot Fresh,3830.15,61,1.28,0,6.1
3/25/15,Des Moines,Hot Fresh,3830.14,35,0.44,0,7.9
12/24/14,Des Moines,Hot Fresh,3830.07,34,0.03,2.2,10.6
9/10/14,Des Moines,FrozenItems,3828.01,59,2.38,0,9.1
12/2/15,Des Moines,Hot Fresh,3822.87,31,0.65,4,3.1
10/7/15,Des Moines,Hot Fresh,3821.21,41,1.47,0,10.9
4/16/14,Des Moines,FrozenItems,3817.99,50,1.2,0,8.9
8/17/16,Des Moines,Hot Fresh,3816.53,77,2.45,0,6.6
12/17/14,Des Moines,Beer&Alcohol,3809.71,19,0.64,2.2,4.9
8/24/16,Des Moines,Chips&Snacks,3806.06,72,3.04,0,11.8
9/9/15,Des Moines,FrozenItems,3805.92,58,1.18,0,3.6
8/5/15,Des Moines,Hot Fresh,3805.17,69,0.08,0,11.1
10/5/16,Des Moines,Chips&Snacks,3798.6,46,0.95,0,12.7
6/3/15,Des Moines,Hot Fresh,3796.4,77,0.02,0,11.2
6/15/16,Des Moines,Hot Fresh,3796.24,67,2.19,0,10.1
5/13/15,Des Moines,Hot Fresh,3796.02,64,0.86,0,3.4
1/21/15,Des Moines,Coffee&Tea,3794.98,15,0.24,1.4,2.9
12/10/14,Des Moines,Coffee&Tea,3793.43,27,0.14,1.8,5.3
10/26/16,Des Moines,Beer&Alcohol,3791.65,60,1.13,0,6
3/26/14,Des Moines,Beer&Alcohol,3789.3,36,0.2,0,11
11/11/15,Des Moines,Beer&Alcohol,3784.86,37,0.8,0,13.8
2/24/16,Des Moines,Hot Fresh,3775.73,15,0.74,1.4,7.7
9/23/15,Des Moines,FrozenItems,3767.81,68,1.29,0,8.2
9/10/14,Des Moines,Hot Fresh,3765.38,59,2.38,0,9.1
6/15/16,Des Moines,FrozenItems,3756.99,67,2.19,0,10.1
7/8/15,Des Moines,Coffee&Tea,3754.92,78,0.05,0,7.1
5/11/16,Des Moines,FrozenItems,3749.89,56,0.91,0,10
10/5/16,Des Moines,Coffee&Tea,3747.22,46,0.95,0,12.7
4/1/15,Des Moines,FrozenItems,3745.32,47,1.36,0,4.4
11/5/14,Des Moines,Hot Fresh,3745.14,45,0.15,0,11.4
1/7/15,Des Moines,Coffee&Tea,3741.74,17,0.02,0,9.7
4/15/15,Des Moines,Hot Fresh,3740.63,52,1.43,0,9.1
12/2/15,Des Moines,Beer&Alcohol,3733.37,31,0.65,4,3.1
11/4/15,Des Moines,Chips&Snacks,3728.86,40,0.29,0,15.4
9/3/14,Des Moines,FrozenItems,3728.75,65,3.33,0,7.2
9/21/16,Des Moines,FrozenItems,3727.98,60,1.4,0,14.6
10/1/14,Des Moines,FrozenItems,3726.04,53,1,0,7.1
5/21/14,Des Moines,Chips&Snacks,3725.52,62,1.2,0,11.8
11/18/15,Des Moines,Beer&Alcohol,3721.12,36,0.39,1.4,11.1
12/17/14,Des Moines,Hot Fresh,3716.68,19,0.64,2.2,4.9
7/29/15,Des Moines,Hot Fresh,3709.65,75,0.04,0,8.5
10/5/16,Des Moines,Beer&Alcohol,3708.65,46,0.95,0,12.7
4/13/16,Des Moines,Beer&Alcohol,3705.87,49,0.76,0,7.7
10/1/14,Des Moines,Hot Fresh,3701.78,53,1,0,7.1
4/30/14,Des Moines,FrozenItems,3699.17,52,0.8,0,11.7
1/7/15,Des Moines,Hot Fresh,3698.89,17,0.02,0,9.7
11/19/14,Des Moines,Beer&Alcohol,3692.11,33,0.18,0,5.4
4/8/15,Des Moines,FrozenItems,3689.83,46,0.88,0,9.4
2/17/16,Des Moines,Hot Fresh,3687.78,29,0.19,3.3,10.8
6/29/16,Des Moines,Beer&Alcohol,3687.6,70,0.68,0,3
5/11/16,Des Moines,Hot Fresh,3685.42,56,0.91,0,10
10/5/16,Des Moines,FrozenItems,3681.71,46,0.95,0,12.7
5/25/16,Des Moines,FrozenItems,3673.24,55,0.15,0,4.9
7/9/14,Des Moines,Hot Fresh,3671.59,75,0.46,0,9.6
1/21/15,Des Moines,Beer&Alcohol,3668,15,0.24,1.4,2.9
11/26/14,Des Moines,Hot Fresh,3665.93,38,0.42,0,7.8
9/17/14,Des Moines,FrozenItems,3665.36,60,2.13,0,8.6
5/20/15,Des Moines,Chips&Snacks,3665.13,55,0.5,0,13.4
2/4/15,Des Moines,Hot Fresh,3663.88,35,0.63,3.2,11.5
2/10/16,Des Moines,Coffee&Tea,3663,26,1.05,2.4,7.2
3/25/15,Des Moines,Beer&Alcohol,3660.78,35,0.44,0,7.9
3/5/14,Des Moines,Coffee&Tea,3659.84,45,0,0,6.1
7/27/16,Des Moines,Hot Fresh,3659.19,77,0.71,0,8.4
4/23/14,Des Moines,Coffee&Tea,3657.2,52,1.51,0,4.9
9/30/15,Des Moines,FrozenItems,3657.08,62,1.24,0,9.5
1/14/15,Des Moines,Hot Fresh,3655.8,15,0.37,0,7.1
9/21/16,Des Moines,Chips&Snacks,3647.32,60,1.4,0,14.6
9/28/16,Des Moines,FrozenItems,3646.45,65,0.72,0,9.4
4/8/15,Des Moines,Hot Fresh,3640.28,46,0.88,0,9.4
12/31/14,Des Moines,Beer&Alcohol,3638.65,23,0,0,10.2
3/23/16,Des Moines,Beer&Alcohol,3637.33,35,0.13,0,2.5
10/19/16,Des Moines,Beer&Alcohol,3631.38,52,1.04,0,2.7
4/8/15,Des Moines,Beer&Alcohol,3631.09,46,0.88,0,9.4
9/28/16,Des Moines,Hot Fresh,3629.9,65,0.72,0,9.4
10/21/15,Des Moines,Hot Fresh,3625.14,52,1.3,0,6.6
9/7/16,Des Moines,FrozenItems,3621.98,64,1.08,0,12.1
10/15/14,Des Moines,Hot Fresh,3620.72,46,0.61,0,6.5
12/23/15,Des Moines,Hot Fresh,3618.64,19,0.25,3.2,6.4
10/22/14,Des Moines,Hot Fresh,3617.23,49,1.04,0,6.3
5/28/14,Des Moines,FrozenItems,3614.64,63,0,0,3.5
1/28/15,Des Moines,Hot Fresh,3614.31,25,0.05,1.8,3.8
7/15/15,Des Moines,Beer&Alcohol,3609.5,80,0,0,9
3/5/14,Des Moines,Toiletries,3609.08,45,0,0,6.1
4/30/14,Des Moines,Beer&Alcohol,3607.52,52,0.8,0,11.7
4/2/14,Des Moines,Coffee&Tea,3594.22,48,1.13,0,11.9
1/28/15,Des Moines,Coffee&Tea,3593.67,25,0.05,1.8,3.8
7/6/16,Des Moines,Hot Fresh,3591.84,69,0.37,0,7.7
6/29/16,Des Moines,Coffee&Tea,3591.35,70,0.68,0,3
2/5/14,Des Moines,Toiletries,3589.3,23,0.6,2.19,6.9
2/25/15,Des Moines,Hot Fresh,3587.54,21,0.4,0,6.7
9/17/14,Des Moines,Coffee&Tea,3583.39,60,2.13,0,8.6
3/11/15,Des Moines,Hot Fresh,3567.38,42,0.31,0,2.9
5/27/15,Des Moines,FrozenItems,3565.11,51,0.27,0,2.8
1/20/16,Des Moines,Coffee&Tea,3565.04,18,0.79,3.5,8.5
2/5/14,Des Moines,Hot Fresh,3559.25,23,0.6,2.19,6.9
7/2/14,Des Moines,Hot Fresh,3552.06,82,0.63,0,7.3
7/22/15,Des Moines,Hot Fresh,3551.04,77,0.01,0,5.9
6/18/14,Des Moines,Coffee&Tea,3550.19,74,2.14,0,8.3
6/29/16,Des Moines,Hot Fresh,3549.97,70,0.68,0,3
1/13/16,Des Moines,Coffee&Tea,3549.77,17,0.76,3.4,3.3
6/4/14,Des Moines,FrozenItems,3549.45,72,1.45,0,11.1
5/6/15,Des Moines,Beer&Alcohol,3546.76,59,0.83,0,11.2
10/15/14,Des Moines,FrozenItems,3546.7,46,0.61,0,6.5
3/18/15,Des Moines,Coffee&Tea,3545.91,33,0.2,0,6.4
6/22/16,Des Moines,Hot Fresh,3545.89,73,1.33,0,4.2
9/2/15,Des Moines,Beer&Alcohol,3545.64,68,0.97,0,15.3
9/9/15,Des Moines,Hot Fresh,3544.11,58,1.18,0,3.6
7/22/15,Des Moines,Beer&Alcohol,3544.01,77,0.01,0,5.9
4/9/14,Des Moines,Beer&Alcohol,3541.37,60,1.31,0,8.2
3/5/14,Des Moines,Hot Fresh,3536.64,45,0,0,6.1
2/10/16,Des Moines,Hot Fresh,3530.47,26,1.05,2.4,7.2
6/18/14,Des Moines,Hot Fresh,3529.57,74,2.14,0,8.3
4/6/16,Des Moines,FrozenItems,3529.23,53,2.21,0,11.7
7/13/16,Des Moines,Beer&Alcohol,3526.77,81,0.81,0,11.2
11/19/14,Des Moines,Hot Fresh,3524.96,33,0.18,0,5.4
11/5/14,Des Moines,Coffee&Tea,3524.95,45,0.15,0,11.4
4/13/16,Des Moines,Hot Fresh,3524.67,49,0.76,0,7.7
4/20/16,Des Moines,Hot Fresh,3523,57,2.27,0,5
4/9/14,Des Moines,Hot Fresh,3522.37,60,1.31,0,8.2
2/19/14,Des Moines,Toiletries,3514.8,32,0.3,2.11,11
12/10/14,Des Moines,Hot Fresh,3513.05,27,0.14,1.8,5.3
2/12/14,Des Moines,Beer&Alcohol,3511.53,30,0.92,2.84,11.5
1/21/15,Des Moines,Hot Fresh,3510.64,15,0.24,1.4,2.9
12/24/14,Des Moines,Beer&Alcohol,3509.66,34,0.03,2.2,10.6
12/31/14,Des Moines,Coffee&Tea,3508.39,23,0,0,10.2
4/20/16,Des Moines,FrozenItems,3504.27,57,2.27,0,5
3/11/15,Des Moines,FrozenItems,3502.95,42,0.31,0,2.9
2/18/15,Des Moines,Hot Fresh,3502.02,27,0.52,2.3,4.7
5/7/14,Des Moines,Coffee&Tea,3501.13,67,0.7,0,11.6
6/24/15,Des Moines,Hot Fresh,3498.62,78,0,0,7.8
5/21/14,Des Moines,FrozenItems,3491.33,62,1.2,0,11.8
8/20/14,Des Moines,Hot Fresh,3490.76,69,4.76,0,6.9
6/4/14,Des Moines,Beer&Alcohol,3489.83,72,1.45,0,11.1
11/5/14,Des Moines,FrozenItems,3479.08,45,0.15,0,11.4
2/19/14,Des Moines,Beer&Alcohol,3475.12,32,0.3,2.11,11
11/18/15,Des Moines,FrozenItems,3471.55,36,0.39,1.4,11.1
10/14/15,Des Moines,FrozenItems,3465.68,52,0.63,0,19.6
10/15/14,Des Moines,Beer&Alcohol,3465.17,46,0.61,0,6.5
7/1/15,Des Moines,Chips&Snacks,3462.89,68,0,0,13.4
10/12/16,Des Moines,FrozenItems,3462.63,49,0.43,0,9.8
11/11/15,Des Moines,Chips&Snacks,3458.89,37,0.8,0,13.8
11/4/15,Des Moines,Beer&Alcohol,3456.66,40,0.29,0,15.4
8/12/15,Des Moines,Hot Fresh,3456.21,102,0,0,5.7
8/31/16,Des Moines,Hot Fresh,3447.83,81,0.99,0,5.4
9/28/16,Des Moines,Coffee&Tea,3446.34,65,0.72,0,9.4
10/28/15,Des Moines,Hot Fresh,3443.38,55,1.23,0,11.1
11/19/14,Des Moines,Coffee&Tea,3441.5,33,0.18,0,5.4
10/7/15,Des Moines,Beer&Alcohol,3435.55,41,1.47,0,10.9
5/28/14,Des Moines,Hot Fresh,3435.21,63,0,0,3.5
2/3/16,Des Moines,FrozenItems,3431.43,38,0.93,10.4,1.3
7/29/15,Des Moines,Beer&Alcohol,3422.16,75,0.04,0,8.5
12/2/15,Des Moines,Coffee&Tea,3419.13,31,0.65,4,3.1
10/26/16,Des Moines,FrozenItems,3416.98,60,1.13,0,6
3/23/16,Des Moines,Hot Fresh,3415.12,35,0.13,0,2.5
9/2/15,Des Moines,Chips&Snacks,3411.77,68,0.97,0,15.3
11/26/14,Des Moines,FrozenItems,3409.08,38,0.42,0,7.8
2/24/16,Des Moines,Coffee&Tea,3403.41,15,0.74,1.4,7.7
3/19/14,Des Moines,Hot Fresh,3393.52,40,0.12,0,9.4
10/7/15,Des Moines,FrozenItems,3389.59,41,1.47,0,10.9
10/26/16,Des Moines,Hot Fresh,3387.25,60,1.13,0,6
4/23/14,Des Moines,FrozenItems,3382.44,52,1.51,0,4.9
1/27/16,Des Moines,Coffee&Tea,3381.87,24,0.34,5.5,17.5
4/8/15,Des Moines,Coffee&Tea,3372.11,46,0.88,0,9.4
10/22/14,Des Moines,FrozenItems,3370.01,49,1.04,0,6.3
4/13/16,Des Moines,FrozenItems,3366.06,49,0.76,0,7.7
10/8/14,Des Moines,FrozenItems,3364.31,48,1.15,0,8.8
2/25/15,Des Moines,Beer&Alcohol,3349.05,21,0.4,0,6.7
6/17/15,Des Moines,Coffee&Tea,3346.74,66,0,0,11.6
9/24/14,Des Moines,Toiletries,3343.58,68,3.12,0,9
7/1/15,Des Moines,Toiletries,3343.41,68,0,0,13.4
7/16/14,Des Moines,Beer&Alcohol,3343.38,76,0.59,0,5.6
5/14/14,Des Moines,Coffee&Tea,3343.04,62,1,0,16.5
8/20/14,Des Moines,Toiletries,3342.55,69,4.76,0,6.9
9/30/15,Des Moines,Hot Fresh,3342.39,62,1.24,0,9.5
10/8/14,Des Moines,Hot Fresh,3338.61,48,1.15,0,8.8
5/27/15,Des Moines,Hot Fresh,3336.03,51,0.27,0,2.8
5/4/16,Des Moines,Hot Fresh,3335.41,63,0.74,0,6.4
3/16/16,Des Moines,Hot Fresh,3326.61,33,0.03,0,4.1
12/3/14,Des Moines,Hot Fresh,3326.45,26,0.18,1.5,10.7
12/10/14,Des Moines,FrozenItems,3324.01,27,0.14,1.8,5.3
8/10/16,Des Moines,Hot Fresh,3320.66,62,3.34,0,4.2
10/21/15,Des Moines,Beer&Alcohol,3319.43,52,1.3,0,6.6
3/2/16,Des Moines,Coffee&Tea,3315.3,36,0.09,0,2.8
7/15/15,Des Moines,Hot Fresh,3310.18,80,0,0,9
12/9/15,Des Moines,Hot Fresh,3308.57,23,0,3.5,8.1
7/20/16,Des Moines,Hot Fresh,3304.78,99,0.66,0,7.6
3/19/14,Des Moines,Coffee&Tea,3301.1,40,0.12,0,9.4
12/30/15,Des Moines,Hot Fresh,3299.36,25,1.33,2.6,6.3
5/20/15,Des Moines,Beer&Alcohol,3291.83,55,0.5,0,13.4
2/4/15,Des Moines,Beer&Alcohol,3291.36,35,0.63,3.2,11.5
12/24/14,Des Moines,FrozenItems,3290.92,34,0.03,2.2,10.6
8/31/16,Des Moines,Toiletries,3290.71,81,0.99,0,5.4
6/10/15,Des Moines,Hot Fresh,3287.83,76,0.03,0,4.2
4/30/14,Des Moines,Hot Fresh,3279.87,52,0.8,0,11.7
10/19/16,Des Moines,Hot Fresh,3278.48,52,1.04,0,2.7
10/29/14,Des Moines,FrozenItems,3269.48,44,1.01,0,9.9
12/9/15,Des Moines,Beer&Alcohol,3269.18,23,0,3.5,8.1
10/14/15,Des Moines,Beer&Alcohol,3266.6,52,0.63,0,19.6
5/14/14,Des Moines,Beer&Alcohol,3256.93,62,1,0,16.5
10/19/16,Des Moines,FrozenItems,3247.77,52,1.04,0,2.7
3/12/14,Des Moines,Hot Fresh,3245.31,32,0.05,2.2,9.2
3/16/16,Des Moines,FrozenItems,3243.66,33,0.03,0,4.1
1/27/16,Des Moines,FrozenItems,3238.67,24,0.34,5.5,17.5
10/14/15,Des Moines,Toiletries,3238.02,52,0.63,0,19.6
3/4/15,Des Moines,FrozenItems,3236.22,31,0.43,0,10.9
4/23/14,Des Moines,Hot Fresh,3235.43,52,1.51,0,4.9
5/25/16,Des Moines,Hot Fresh,3233.45,55,0.15,0,4.9
11/12/14,Des Moines,FrozenItems,3233.41,45,0.2,0,13.1
3/18/15,Des Moines,FrozenItems,3230.14,33,0.2,0,6.4
5/13/15,Des Moines,Toiletries,3227.78,64,0.86,0,3.4
7/13/16,Des Moines,Coffee&Tea,3226.8,81,0.81,0,11.2
2/26/14,Des Moines,Coffee&Tea,3224.25,30,0.31,1.95,3.4
7/9/14,Des Moines,Coffee&Tea,3221.61,75,0.46,0,9.6
4/29/15,Des Moines,FrozenItems,3217.37,48,0.94,0,5.9
3/26/14,Des Moines,Toiletries,3216.28,36,0.2,0,11
7/23/14,Des Moines,Hot Fresh,3214.28,72,0.94,0,3.9
10/22/14,Des Moines,Toiletries,3213.18,49,1.04,0,6.3
3/12/14,Des Moines,Beer&Alcohol,3209.76,32,0.05,2.2,9.2
12/3/14,Des Moines,FrozenItems,3205.1,26,0.18,1.5,10.7
11/11/15,Des Moines,Toiletries,3203.37,37,0.8,0,13.8
2/26/14,Des Moines,Hot Fresh,3202.87,30,0.31,1.95,3.4
9/23/15,Des Moines,Hot Fresh,3202.67,68,1.29,0,8.2
3/2/16,Des Moines,Hot Fresh,3197.21,36,0.09,0,2.8
6/15/16,Des Moines,Toiletries,3195.22,67,2.19,0,10.1
5/6/15,Des Moines,FrozenItems,3191.63,59,0.83,0,11.2
12/10/14,Des Moines,Toiletries,3191.51,27,0.14,1.8,5.3
3/18/15,Des Moines,Hot Fresh,3191.14,33,0.2,0,6.4
5/4/16,Des Moines,Toiletries,3177.21,63,0.74,0,6.4
1/13/16,Des Moines,Beer&Alcohol,3175.45,17,0.76,3.4,3.3
7/16/14,Des Moines,Hot Fresh,3172.91,76,0.59,0,5.6
10/21/15,Des Moines,FrozenItems,3172.77,52,1.3,0,6.6
4/8/15,Des Moines,Toiletries,3171.28,46,0.88,0,9.4
5/4/16,Des Moines,Beer&Alcohol,3169.4,63,0.74,0,6.4
11/4/15,Des Moines,Coffee&Tea,3166.77,40,0.29,0,15.4
1/13/16,Des Moines,Hot Fresh,3166.25,17,0.76,3.4,3.3
10/29/14,Des Moines,Hot Fresh,3162.51,44,1.01,0,9.9
4/22/15,Des Moines,Coffee&Tea,3162.26,45,2.02,0,4.6
8/12/15,Des Moines,Coffee&Tea,3150.29,102,0,0,5.7
8/26/15,Des Moines,Toiletries,3149.34,75,1.48,0,8.1
2/12/14,Des Moines,FrozenItems,3144.83,30,0.92,2.84,11.5
6/3/15,Des Moines,Beer&Alcohol,3141.83,77,0.02,0,11.2
4/1/15,Des Moines,Hot Fresh,3141.79,47,1.36,0,4.4
2/11/15,Des Moines,Beer&Alcohol,3141.37,22,1,1.2,6.4
10/1/14,Des Moines,Coffee&Tea,3139.47,53,1,0,7.1
10/29/14,Des Moines,Toiletries,3138.4,44,1.01,0,9.9
5/13/15,Des Moines,Beer&Alcohol,3136.94,64,0.86,0,3.4
2/4/15,Des Moines,FrozenItems,3133.67,35,0.63,3.2,11.5
6/25/14,Des Moines,Toiletries,3129.81,71,1.66,0,11
3/2/16,Des Moines,FrozenItems,3126.5,36,0.09,0,2.8
5/27/15,Des Moines,Beer&Alcohol,3113.58,51,0.27,0,2.8
2/3/16,Des Moines,Hot Fresh,3104.51,38,0.93,10.4,1.3
9/10/14,Des Moines,Coffee&Tea,3100.54,59,2.38,0,9.1
2/25/15,Des Moines,Toiletries,3093.94,21,0.4,0,6.7
5/11/16,Des Moines,Coffee&Tea,3093.46,56,0.91,0,10
4/1/15,Des Moines,Coffee&Tea,3092.73,47,1.36,0,4.4
3/11/15,Des Moines,Beer&Alcohol,3088.31,42,0.31,0,2.9
9/7/16,Des Moines,Beer&Alcohol,3084.23,64,1.08,0,12.1
10/12/16,Des Moines,Beer&Alcohol,3079.83,49,0.43,0,9.8
12/9/15,Des Moines,Coffee&Tea,3078.37,23,0,3.5,8.1
9/10/14,Des Moines,Toiletries,3077.88,59,2.38,0,9.1
6/8/16,Des Moines,Hot Fresh,3070.95,74,2.12,0,0.3
4/22/15,Des Moines,Hot Fresh,3066.85,45,2.02,0,4.6
8/26/15,Des Moines,Hot Fresh,3066.4,75,1.48,0,8.1
6/18/14,Des Moines,Toiletries,3064.13,74,2.14,0,8.3
1/21/15,Des Moines,Toiletries,3063.03,15,0.24,1.4,2.9
7/15/15,Des Moines,Toiletries,3062.79,80,0,0,9
6/24/15,Des Moines,Coffee&Tea,3060.6,78,0,0,7.8
2/17/16,Des Moines,Beer&Alcohol,3058.22,29,0.19,3.3,10.8
4/2/14,Des Moines,FrozenItems,3056.57,48,1.13,0,11.9
3/30/16,Des Moines,FrozenItems,3053.86,34,1.11,0,11.8
10/28/15,Des Moines,Toiletries,3052.98,55,1.23,0,11.1
11/25/15,Des Moines,FrozenItems,3052.6,49,0.58,0,9.2
11/4/15,Des Moines,FrozenItems,3047.99,40,0.29,0,15.4
3/30/16,Des Moines,Toiletries,3042.49,34,1.11,0,11.8
3/5/14,Des Moines,FrozenItems,3041.28,45,0,0,6.1
2/17/16,Des Moines,FrozenItems,3034.35,29,0.19,3.3,10.8
4/13/16,Des Moines,Coffee&Tea,3031.1,49,0.76,0,7.7
11/11/15,Des Moines,FrozenItems,3029.78,37,0.8,0,13.8
7/22/15,Des Moines,Coffee&Tea,3025.72,77,0.01,0,5.9
3/23/16,Des Moines,FrozenItems,3025.7,35,0.13,0,2.5
7/27/16,Des Moines,Coffee&Tea,3024.85,77,0.71,0,8.4
5/7/14,Des Moines,Beer&Alcohol,3022.59,67,0.7,0,11.6
9/24/14,Des Moines,Coffee&Tea,3017.9,68,3.12,0,9
4/20/16,Des Moines,Toiletries,3017.45,57,2.27,0,5
6/1/16,Des Moines,Toiletries,3013.2,68,1.45,0,15.9
4/9/14,Des Moines,Toiletries,3011.81,60,1.31,0,8.2
3/19/14,Des Moines,FrozenItems,3007.72,40,0.12,0,9.4
5/14/14,Des Moines,Toiletries,3006.8,62,1,0,16.5
4/16/14,Des Moines,Hot Fresh,3006.6,50,1.2,0,8.9
8/3/16,Des Moines,Toiletries,3005.5,64,2.54,0,11.4
8/10/16,Des Moines,Coffee&Tea,2990.18,62,3.34,0,4.2
3/26/14,Des Moines,FrozenItems,2987.53,36,0.2,0,11
3/9/16,Des Moines,FrozenItems,2978.94,35,0.35,0,11.2
6/24/15,Des Moines,Beer&Alcohol,2977.57,78,0,0,7.8
6/29/16,Des Moines,Toiletries,2976.07,70,0.68,0,3
8/12/15,Des Moines,Beer&Alcohol,2974.54,102,0,0,5.7
9/14/16,Des Moines,Hot Fresh,2972.01,71,0.63,0,6.2
8/13/14,Des Moines,Hot Fresh,2968.28,74,4.15,0,9.4
1/27/16,Des Moines,Beer&Alcohol,2967.43,24,0.34,5.5,17.5
2/3/16,Des Moines,Coffee&Tea,2965.39,38,0.93,10.4,1.3
5/28/14,Des Moines,Toiletries,2962.98,63,0,0,3.5
12/9/15,Des Moines,FrozenItems,2945.9,23,0,3.5,8.1
5/20/15,Des Moines,Toiletries,2944.44,55,0.5,0,13.4
4/1/15,Des Moines,Toiletries,2936.51,47,1.36,0,4.4
4/13/16,Des Moines,Toiletries,2932.91,49,0.76,0,7.7
11/4/15,Des Moines,Toiletries,2931.55,40,0.29,0,15.4
1/20/16,Des Moines,Beer&Alcohol,2922.83,18,0.79,3.5,8.5
4/29/15,Des Moines,Beer&Alcohol,2921.85,48,0.94,0,5.9
7/9/14,Des Moines,Toiletries,2917.22,75,0.46,0,9.6
3/4/15,Des Moines,Coffee&Tea,2915.6,31,0.43,0,10.9
6/22/16,Des Moines,Toiletries,2912.78,73,1.33,0,4.2
7/8/15,Des Moines,Beer&Alcohol,2910.75,78,0.05,0,7.1
9/23/15,Des Moines,Coffee&Tea,2910.31,68,1.29,0,8.2
9/17/14,Des Moines,Hot Fresh,2906.78,60,2.13,0,8.6
2/18/15,Des Moines,FrozenItems,2902.13,27,0.52,2.3,4.7
11/18/15,Des Moines,Coffee&Tea,2898,36,0.39,1.4,11.1
10/19/16,Des Moines,Coffee&Tea,2896.81,52,1.04,0,2.7
11/25/15,Des Moines,Beer&Alcohol,2895.82,49,0.58,0,9.2
6/3/15,Des Moines,Toiletries,2895.47,77,0.02,0,11.2
3/25/15,Des Moines,FrozenItems,2891.37,35,0.44,0,7.9
8/26/15,Des Moines,Coffee&Tea,2883.78,75,1.48,0,8.1
11/26/14,Des Moines,Beer&Alcohol,2882.29,38,0.42,0,7.8
12/31/14,Des Moines,FrozenItems,2880.66,23,0,0,10.2
6/17/15,Des Moines,Toiletries,2877.37,66,0,0,11.6
11/25/15,Des Moines,Toiletries,2874.9,49,0.58,0,9.2
12/30/15,Des Moines,FrozenItems,2870.45,25,1.33,2.6,6.3
3/9/16,Des Moines,Beer&Alcohol,2867.79,35,0.35,0,11.2
9/3/14,Des Moines,Toiletries,2866.76,65,3.33,0,7.2
4/16/14,Des Moines,Toiletries,2862.04,50,1.2,0,8.9
12/2/15,Des Moines,FrozenItems,2855.69,31,0.65,4,3.1
10/28/15,Des Moines,Coffee&Tea,2850.18,55,1.23,0,11.1
2/26/14,Des Moines,Beer&Alcohol,2848.47,30,0.31,1.95,3.4
2/10/16,Des Moines,FrozenItems,2847.19,26,1.05,2.4,7.2
2/11/15,Des Moines,FrozenItems,2847.06,22,1,1.2,6.4
5/25/16,Des Moines,Beer&Alcohol,2845.7,55,0.15,0,4.9
11/19/14,Des Moines,FrozenItems,2838.3,33,0.18,0,5.4
3/11/15,Des Moines,Toiletries,2835.95,42,0.31,0,2.9
3/18/15,Des Moines,Beer&Alcohol,2833.13,33,0.2,0,6.4
3/16/16,Des Moines,Beer&Alcohol,2832.28,33,0.03,0,4.1
5/18/16,Des Moines,Toiletries,2828.13,61,1.28,0,6.1
9/14/16,Des Moines,Toiletries,2824.48,71,0.63,0,6.2
8/19/15,Des Moines,Toiletries,2824.24,69,0.02,0,6.1
8/3/16,Des Moines,Coffee&Tea,2817.97,64,2.54,0,11.4
2/18/15,Des Moines,Beer&Alcohol,2815.28,27,0.52,2.3,4.7
4/15/15,Des Moines,Coffee&Tea,2815.18,52,1.43,0,9.1
8/17/16,Des Moines,Coffee&Tea,2814.28,77,2.45,0,6.6
8/19/15,Des Moines,Hot Fresh,2806.48,69,0.02,0,6.1
10/8/14,Des Moines,Toiletries,2805.81,48,1.15,0,8.8
5/28/14,Des Moines,Coffee&Tea,2804.52,63,0,0,3.5
7/6/16,Des Moines,Toiletries,2801.93,69,0.37,0,7.7
11/26/14,Des Moines,Toiletries,2796.08,38,0.42,0,7.8
11/26/14,Des Moines,Coffee&Tea,2790.84,38,0.42,0,7.8
10/12/16,Des Moines,Toiletries,2787.73,49,0.43,0,9.8
7/20/16,Des Moines,Beer&Alcohol,2784.06,99,0.66,0,7.6
4/22/15,Des Moines,FrozenItems,2782.12,45,2.02,0,4.6
7/2/14,Des Moines,Toiletries,2779.86,82,0.63,0,7.3
10/21/15,Des Moines,Toiletries,2779.03,52,1.3,0,6.6
2/19/14,Des Moines,FrozenItems,2778.68,32,0.3,2.11,11
4/6/16,Des Moines,Coffee&Tea,2775.11,53,2.21,0,11.7
9/7/16,Des Moines,Toiletries,2772.31,64,1.08,0,12.1
10/21/15,Des Moines,Coffee&Tea,2770.47,52,1.3,0,6.6
10/26/16,Des Moines,Coffee&Tea,2767.47,60,1.13,0,6
8/6/14,Des Moines,Toiletries,2765.79,73,4.54,0,18.3
2/11/15,Des Moines,Toiletries,2762.61,22,1,1.2,6.4
5/4/16,Des Moines,Coffee&Tea,2761.97,63,0.74,0,6.4
2/26/14,Des Moines,FrozenItems,2761.65,30,0.31,1.95,3.4
6/1/16,Des Moines,Chips&Snacks,2753.46,68,1.45,0,15.9
1/28/15,Des Moines,FrozenItems,2748.51,25,0.05,1.8,3.8
1/28/15,Des Moines,Toiletries,2746.76,25,0.05,1.8,3.8
4/29/15,Des Moines,Toiletries,2742.1,48,0.94,0,5.9
12/16/15,Des Moines,FrozenItems,2741.74,22,1.68,9.3,22.3
8/5/15,Des Moines,Toiletries,2738.44,69,0.08,0,11.1
5/28/14,Des Moines,Beer&Alcohol,2733.97,63,0,0,3.5
8/27/14,Des Moines,Toiletries,2731.46,72,4.19,0,11.2
7/30/14,Des Moines,Hot Fresh,2728.86,84,0.48,0,9.4
4/9/14,Des Moines,Coffee&Tea,2723.45,60,1.31,0,8.2
9/16/15,Des Moines,Toiletries,2722.69,67,0.75,0,11.5
2/24/16,Des Moines,Toiletries,2720.31,15,0.74,1.4,7.7
10/7/15,Des Moines,Coffee&Tea,2715.04,41,1.47,0,10.9
4/2/14,Des Moines,Toiletries,2714.51,48,1.13,0,11.9
10/29/14,Des Moines,Coffee&Tea,2698.57,44,1.01,0,9.9
7/13/16,Des Moines,Toiletries,2686.93,81,0.81,0,11.2
2/3/16,Des Moines,Beer&Alcohol,2686.43,38,0.93,10.4,1.3
5/6/15,Des Moines,Coffee&Tea,2683.4,59,0.83,0,11.2
12/30/15,Des Moines,Coffee&Tea,2681.51,25,1.33,2.6,6.3
4/15/15,Des Moines,Toiletries,2680.85,52,1.43,0,9.1
11/19/14,Des Moines,Toiletries,2679.64,33,0.18,0,5.4
6/15/16,Des Moines,Coffee&Tea,2671.42,67,2.19,0,10.1
1/14/15,Des Moines,FrozenItems,2653.41,15,0.37,0,7.1
4/29/15,Des Moines,Coffee&Tea,2651.44,48,0.94,0,5.9
3/19/14,Des Moines,Beer&Alcohol,2650.83,40,0.12,0,9.4
4/16/14,Des Moines,Coffee&Tea,2649.56,50,1.2,0,8.9
6/17/15,Des Moines,Beer&Alcohol,2648.68,66,0,0,11.6
11/12/14,Des Moines,Toiletries,2644.62,45,0.2,0,13.1
12/3/14,Des Moines,Beer&Alcohol,2640.31,26,0.18,1.5,10.7
12/17/14,Des Moines,FrozenItems,2638.12,19,0.64,2.2,4.9
9/2/15,Des Moines,Toiletries,2636.15,68,0.97,0,15.3
9/7/16,Des Moines,Coffee&Tea,2632.09,64,1.08,0,12.1
5/6/15,Des Moines,Toiletries,2631.67,59,0.83,0,11.2
1/14/15,Des Moines,Beer&Alcohol,2622.24,15,0.37,0,7.1
6/10/15,Des Moines,Toiletries,2621.14,76,0.03,0,4.2
2/5/14,Des Moines,FrozenItems,2618.54,23,0.6,2.19,6.9
9/30/15,Des Moines,Coffee&Tea,2617.04,62,1.24,0,9.5
1/13/16,Des Moines,FrozenItems,2614.93,17,0.76,3.4,3.3
5/20/15,Des Moines,Coffee&Tea,2601.22,55,0.5,0,13.4
12/10/14,Des Moines,Beer&Alcohol,2600.05,27,0.14,1.8,5.3
3/9/16,Des Moines,Toiletries,2594.66,35,0.35,0,11.2
1/14/15,Des Moines,Toiletries,2590.24,15,0.37,0,7.1
12/3/14,Des Moines,Coffee&Tea,2587.61,26,0.18,1.5,10.7
9/23/15,Des Moines,Toiletries,2587.22,68,1.29,0,8.2
1/7/15,Des Moines,Beer&Alcohol,2584.92,17,0.02,0,9.7
1/21/15,Des Moines,FrozenItems,2572.25,15,0.24,1.4,2.9
11/18/15,Des Moines,Toiletries,2571.05,36,0.39,1.4,11.1
12/23/15,Des Moines,FrozenItems,2565.83,19,0.25,3.2,6.4
6/11/14,Des Moines,Hot Fresh,2562.17,77,1.95,0,7.5
7/27/16,Des Moines,Toiletries,2561.23,77,0.71,0,8.4
7/30/14,Des Moines,Toiletries,2558.95,84,0.48,0,9.4
3/25/15,Des Moines,Toiletries,2555.45,35,0.44,0,7.9
7/15/15,Des Moines,Coffee&Tea,2554.79,80,0,0,9
2/26/14,Des Moines,Toiletries,2554.71,30,0.31,1.95,3.4
8/24/16,Des Moines,Toiletries,2547.66,72,3.04,0,11.8
7/20/16,Des Moines,Toiletries,2541.82,99,0.66,0,7.6
3/16/16,Des Moines,Toiletries,2538.29,33,0.03,0,4.1
5/25/16,Des Moines,Toiletries,2537.71,55,0.15,0,4.9
9/21/16,Des Moines,Toiletries,2532.51,60,1.4,0,14.6
6/4/14,Des Moines,Toiletries,2529.65,72,1.45,0,11.1
5/14/14,Des Moines,Chips&Snacks,2523.34,62,1,0,16.5
5/27/15,Des Moines,Toiletries,2521.71,51,0.27,0,2.8
1/6/16,Des Moines,Coffee&Tea,2516.93,13,0.1,2.3,21.3
7/16/14,Des Moines,Toiletries,2514.45,76,0.59,0,5.6
9/16/15,Des Moines,Coffee&Tea,2511.51,67,0.75,0,11.5
6/25/14,Des Moines,Coffee&Tea,2503.37,71,1.66,0,11
1/28/15,Des Moines,Beer&Alcohol,2501.75,25,0.05,1.8,3.8
8/20/14,Des Moines,Coffee&Tea,2496.51,69,4.76,0,6.9
3/11/15,Des Moines,Coffee&Tea,2483.56,42,0.31,0,2.9
5/7/14,Des Moines,Toiletries,2483.34,67,0.7,0,11.6
3/30/16,Des Moines,Coffee&Tea,2477.22,34,1.11,0,11.8
8/19/15,Des Moines,Beer&Alcohol,2474.47,69,0.02,0,6.1
8/17/16,Des Moines,Toiletries,2472.97,77,2.45,0,6.6
3/12/14,Des Moines,FrozenItems,2471.71,32,0.05,2.2,9.2
10/7/15,Des Moines,Toiletries,2470.38,41,1.47,0,10.9
7/23/14,Des Moines,Toiletries,2465.17,72,0.94,0,3.9
12/31/14,Des Moines,Toiletries,2460.14,23,0,0,10.2
8/6/14,Des Moines,Coffee&Tea,2456.24,73,4.54,0,18.3
9/21/16,Des Moines,Coffee&Tea,2453.15,60,1.4,0,14.6
10/19/16,Des Moines,Toiletries,2451.01,52,1.04,0,2.7
5/27/15,Des Moines,Coffee&Tea,2444.2,51,0.27,0,2.8
5/18/16,Des Moines,Coffee&Tea,2443.87,61,1.28,0,6.1
6/8/16,Des Moines,Coffee&Tea,2440.32,74,2.12,0,0.3
9/17/14,Des Moines,Toiletries,2428.57,60,2.13,0,8.6
1/7/15,Des Moines,FrozenItems,2424.93,17,0.02,0,9.7
1/6/16,Des Moines,FrozenItems,2422.85,13,0.1,2.3,21.3
6/8/16,Des Moines,Toiletries,2420.5,74,2.12,0,0.3
1/7/15,Des Moines,Toiletries,2418.14,17,0.02,0,9.7
3/19/14,Des Moines,Toiletries,2409.12,40,0.12,0,9.4
3/2/16,Des Moines,Toiletries,2407.12,36,0.09,0,2.8
8/5/15,Des Moines,Beer&Alcohol,2402.97,69,0.08,0,11.1
11/11/15,Des Moines,Coffee&Tea,2395.92,37,0.8,0,13.8
6/4/14,Des Moines,Coffee&Tea,2382.98,72,1.45,0,11.1
9/28/16,Des Moines,Toiletries,2380.62,65,0.72,0,9.4
12/3/14,Des Moines,Toiletries,2380.52,26,0.18,1.5,10.7
1/14/15,Des Moines,Coffee&Tea,2372.38,15,0.37,0,7.1
2/5/14,Des Moines,Coffee&Tea,2371.61,23,0.6,2.19,6.9
8/13/14,Des Moines,Toiletries,2368.82,74,4.15,0,9.4
11/25/15,Des Moines,Coffee&Tea,2362.21,49,0.58,0,9.2
4/30/14,Des Moines,Toiletries,2352.88,52,0.8,0,11.7
2/25/15,Des Moines,FrozenItems,2344.43,21,0.4,0,6.7
4/20/16,Des Moines,Coffee&Tea,2328.88,57,2.27,0,5
5/11/16,Des Moines,Toiletries,2316.63,56,0.91,0,10
10/15/14,Des Moines,Toiletries,2316.52,46,0.61,0,6.5
7/2/14,Des Moines,Coffee&Tea,2315.21,82,0.63,0,7.3
4/27/16,Des Moines,Toiletries,2312.4,55,2.13,0,18.6
7/1/15,Des Moines,Beer&Alcohol,2311.84,68,0,0,13.4
1/20/16,Des Moines,FrozenItems,2304.74,18,0.79,3.5,8.5
11/5/14,Des Moines,Beer&Alcohol,2286.81,45,0.15,0,11.4
2/24/16,Des Moines,FrozenItems,2283.57,15,0.74,1.4,7.7
3/2/16,Des Moines,Beer&Alcohol,2266.98,36,0.09,0,2.8
10/1/14,Des Moines,Toiletries,2255.94,53,1,0,7.1
7/6/16,Des Moines,Beer&Alcohol,2244.22,69,0.37,0,7.7
10/14/15,Des Moines,Chips&Snacks,2239.12,52,0.63,0,19.6
7/6/16,Des Moines,Coffee&Tea,2235.87,69,0.37,0,7.7
6/24/15,Des Moines,Toiletries,2234.42,78,0,0,7.8
3/4/15,Des Moines,Toiletries,2232.16,31,0.43,0,10.9
1/27/16,Des Moines,Chips&Snacks,2212.1,24,0.34,5.5,17.5
8/10/16,Des Moines,Toiletries,2200.99,62,3.34,0,4.2
4/22/15,Des Moines,Toiletries,2188.11,45,2.02,0,4.6
4/23/14,Des Moines,Toiletries,2184.13,52,1.51,0,4.9
7/29/15,Des Moines,Toiletries,2182.84,75,0.04,0,8.5
5/21/14,Des Moines,Toiletries,2181.28,62,1.2,0,11.8
3/23/16,Des Moines,Toiletries,2173.86,35,0.13,0,2.5
8/13/14,Des Moines,Coffee&Tea,2162.67,74,4.15,0,9.4
9/30/15,Des Moines,Toiletries,2155.94,62,1.24,0,9.5
10/26/16,Des Moines,Toiletries,2152.45,60,1.13,0,6
4/27/16,Des Moines,Coffee&Tea,2134.3,55,2.13,0,18.6
7/20/16,Des Moines,Coffee&Tea,2125.92,99,0.66,0,7.6
9/2/15,Des Moines,Coffee&Tea,2120.48,68,0.97,0,15.3
8/31/16,Des Moines,Coffee&Tea,2112.66,81,0.99,0,5.4
8/5/15,Des Moines,Coffee&Tea,2097.64,69,0.08,0,11.1
4/6/16,Des Moines,Toiletries,2088.46,53,2.21,0,11.7
8/19/15,Des Moines,Coffee&Tea,2052.07,69,0.02,0,6.1
11/5/14,Des Moines,Toiletries,2043.88,45,0.15,0,11.4
6/11/14,Des Moines,Toiletries,2010.34,77,1.95,0,7.5
10/5/16,Des Moines,Toiletries,2001.91,46,0.95,0,12.7
2/17/16,Des Moines,Coffee&Tea,1962.55,29,0.19,3.3,10.8
3/26/14,Des Moines,Coffee&Tea,1961.66,36,0.2,0,11
11/12/14,Des Moines,Coffee&Tea,1952.46,45,0.2,0,13.1
7/16/14,Des Moines,Coffee&Tea,1950.13,76,0.59,0,5.6
4/30/14,Des Moines,Coffee&Tea,1945.45,52,0.8,0,11.7
1/6/16,Des Moines,Beer&Alcohol,1935.58,13,0.1,2.3,21.3
9/9/15,Des Moines,Toiletries,1928.23,58,1.18,0,3.6
7/22/15,Des Moines,Toiletries,1922.76,77,0.01,0,5.9
3/18/15,Des Moines,Toiletries,1918.76,33,0.2,0,6.4
7/23/14,Des Moines,Coffee&Tea,1914.95,72,0.94,0,3.9
7/8/15,Des Moines,Toiletries,1911.71,78,0.05,0,7.1
9/9/15,Des Moines,Coffee&Tea,1847.63,58,1.18,0,3.6
8/12/15,Des Moines,Toiletries,1775.61,102,0,0,5.7
6/1/16,Des Moines,Coffee&Tea,1728.13,68,1.45,0,15.9
8/27/14,Des Moines,Coffee&Tea,1684.35,72,4.19,0,11.2
7/29/15,Des Moines,Coffee&Tea,1647.74,75,0.04,0,8.5
7/30/14,Des Moines,Beer&Alcohol,1646.68,84,0.48,0,9.4
8/6/14,Des Moines,Chips&Snacks,1512.62,73,4.54,0,18.3
3/5/14,Des Moines,Beer&Alcohol,1512.07,45,0,0,6.1
4/27/16,Des Moines,Chips&Snacks,1486.92,55,2.13,0,18.6
6/3/15,Des Moines,Coffee&Tea,1155.63,77,0.02,0,11.2
7/30/14,Des Moines,Coffee&Tea,1036.79,84,0.48,0,9.4
5/21/14,Des Moines,Coffee&Tea,994.34,62,1.2,0,11.8
9/3/14,Des Moines,Coffee&Tea,947.41,65,3.33,0,7.2
6/10/15,Des Moines,Coffee&Tea,926.86,76,0.03,0,4.2
1/6/16,Des Moines,Chips&Snacks,878.18,13,0.1,2.3,21.3
12/16/15,Des Moines,Chips&Snacks,850.6,22,1.68,9.3,22.3
6/11/14,Des Moines,Coffee&Tea,816.98,77,1.95,0,7.5
7/1/15,Des Moines,Coffee&Tea,408.05,68,0,0,13.4